{
    "Jean": {
      "cat": 4,
      "callsign": "吉恩",
      "id": 9,
      "runways": [
        {
          "course": 2.6065623760223,
          "Name": 20,
          "position": {
            "y": 860.87591552734,
            "x": -450392.875,
            "z": -43000.4609375
          },
          "length": 1235.3557128906,
          "width": 20
        },
        {
          "course": 2.6064193248749,
          "Name": 2,
          "position": {
            "y": 860.87591552734,
            "x": -450523.59375,
            "z": -42971.171875
          },
          "length": 1235.3557128906,
          "width": 20
        }
      ],
      "point": [
        35.773785550964,
        -115.32570272555,
        860.87591552734
      ],
      "desc": {
        "life": 3600,
        "attributes": {
          "Airfields": true
        },
        "_origin": "",
        "category": 0,
        "typeName": "Jean",
        "displayName": "吉恩"
      }
    },
    "McCarran International": {
      "cat": 4,
      "callsign": "麦卡伦国际机场",
      "id": 3,
      "runways": [
        {
          "course": -1.5510839223862,
          "Name": 7,
          "position": {
            "y": 661.37609863281,
            "x": -416011.375,
            "z": -26929.3359375
          },
          "length": 3163.0314941406,
          "width": 60
        },
        {
          "course": -1.5512491464615,
          "Name": 25,
          "position": {
            "y": 661.37609863281,
            "x": -416316.0625,
            "z": -26833.4921875
          },
          "length": 3163.0314941406,
          "width": 60
        }
      ],
      "point": [
        36.076670073498,
        -115.16219006293,
        661.37609863281
      ],
      "desc": {
        "life": 3600,
        "attributes": {
          "Airfields": true
        },
        "_origin": "",
        "category": 0,
        "typeName": "McCarran International",
        "displayName": "麦卡伦国际机场"
      }
    },
    "Laughlin": {
      "cat": 4,
      "callsign": "拉夫林",
      "id": 10,
      "runways": [
        {
          "course": -3.0549499988556,
          "Name": 16,
          "position": {
            "y": 200.00019836426,
            "x": -516946.4375,
            "z": 28306.30859375
          },
          "length": 2176.0114746094,
          "width": 60
        }
      ],
      "point": [
        35.165905267476,
        -114.55986431857,
        200.00019836426
      ],
      "desc": {
        "life": 3600,
        "attributes": {
          "Airfields": true
        },
        "_origin": "",
        "category": 0,
        "typeName": "Laughlin",
        "displayName": "拉夫林"
      }
    },
    "Lincoln County": {
      "cat": 4,
      "callsign": "林肯县",
      "id": 11,
      "runways": [
        {
          "course": 3.1253848075867,
          "Name": 17,
          "position": {
            "y": 1467.6899414062,
            "x": -224670.34375,
            "z": 33199.9375
          },
          "length": 1343.6921386719,
          "width": 20
        }
      ],
      "point": [
        37.793389585399,
        -114.41923699635,
        1467.6899414062
      ],
      "desc": {
        "life": 3600,
        "attributes": {
          "Airfields": true
        },
        "_origin": "",
        "category": 0,
        "typeName": "Lincoln County",
        "displayName": "林肯县"
      }
    },
    "Pahute Mesa": {
      "cat": 4,
      "callsign": "帕胡德梅萨",
      "id": 16,
      "runways": [
        {
          "course": -0.23457318544388,
          "Name": 36,
          "position": {
            "y": 1541.3635253906,
            "x": -303620,
            "z": -132937.9375
          },
          "length": 1652.0565185547,
          "width": 60
        }
      ],
      "point": [
        37.094831346541,
        -116.31539962949,
        1541.3635253906
      ],
      "desc": {
        "life": 3600,
        "attributes": {
          "Airfields": true
        },
        "_origin": "",
        "category": 0,
        "typeName": "Pahute Mesa",
        "displayName": "帕胡德梅萨"
      }
    },
    "Boulder City": {
      "cat": 4,
      "callsign": "博尔德市",
      "id": 6,
      "runways": [
        {
          "course": 0.27873066067696,
          "Name": 33,
          "position": {
            "y": 646.66363525391,
            "x": -429660.09375,
            "z": -1148.7244873047
          },
          "length": 1128.5063476562,
          "width": 20
        },
        {
          "course": 1.4227820634842,
          "Name": 15,
          "position": {
            "y": 646.66363525391,
            "x": -429914.8125,
            "z": -1078.7415771484
          },
          "length": 1128.5063476562,
          "width": 20
        }
      ],
      "point": [
        35.943681644578,
        -114.86055178579,
        646.66363525391
      ],
      "desc": {
        "life": 3600,
        "attributes": {
          "Airfields": true
        },
        "_origin": "",
        "category": 0,
        "typeName": "Boulder City",
        "displayName": "博尔德市"
      }
    },
    "Echo Bay": {
      "cat": 4,
      "callsign": "回音湾",
      "id": 7,
      "runways": [
        {
          "course": -1.3506362438202,
          "Name": 6,
          "position": {
            "y": 472.03369140625,
            "x": -388592.34375,
            "z": 33697.3125
          },
          "length": 984.02569580078,
          "width": 20
        }
      ],
      "point": [
        36.310471394437,
        -114.46933764146,
        472.03369140625
      ],
      "desc": {
        "life": 3600,
        "attributes": {
          "Airfields": true
        },
        "_origin": "",
        "category": 0,
        "typeName": "Echo Bay",
        "displayName": "回音湾"
      }
    },
    "Mesquite": {
      "cat": 4,
      "callsign": "梅斯基特",
      "id": 13,
      "runways": [
        {
          "course": -0.48182135820389,
          "Name": 1,
          "position": {
            "y": 566.48736572266,
            "x": -329622.09375,
            "z": 68561.1484375
          },
          "length": 1504.9615478516,
          "width": 20
        }
      ],
      "point": [
        36.827345248734,
        -114.06033514493,
        566.48736572266
      ],
      "desc": {
        "life": 3600,
        "attributes": {
          "Airfields": true
        },
        "_origin": "",
        "category": 0,
        "typeName": "Mesquite",
        "displayName": "梅斯基特"
      }
    },
    "Groom Lake": {
      "cat": 4,
      "callsign": "马夫湖",
      "id": 2,
      "runways": [
        {
          "course": 0.41125798225403,
          "Name": 32,
          "position": {
            "y": 1369.8676757812,
            "x": -288604.6875,
            "z": -86870.4453125
          },
          "length": 3355.2507324219,
          "width": 60
        }
      ],
      "point": [
        37.21913894289,
        -115.78531067518,
        1369.8676757812
      ],
      "desc": {
        "life": 3600,
        "attributes": {
          "Airfields": true
        },
        "_origin": "",
        "category": 0,
        "typeName": "Groom Lake",
        "displayName": "马夫湖"
      }
    },
    "Nellis": {
      "cat": 4,
      "callsign": "内利斯",
      "id": 4,
      "runways": [
        {
          "course": -0.70031100511551,
          "Name": 3,
          "position": {
            "y": 561.30914306641,
            "x": -398195.375,
            "z": -17233.236328125
          },
          "length": 2876.6762695312,
          "width": 60
        },
        {
          "course": -0.70050585269928,
          "Name": 21,
          "position": {
            "y": 561.30914306641,
            "x": -398000.375,
            "z": -17467.23828125
          },
          "length": 2876.6762695312,
          "width": 60
        }
      ],
      "point": [
        36.225662018016,
        -115.04380774353,
        561.30914306641
      ],
      "desc": {
        "life": 3600,